{
	"format_version": "1.21.11",
	"credit": "Made with Blockbench",
	"textures": {
		"1": "mysterymasquerade:mask",
		"particle": "mysterymasquerade:mask"
	},
	"elements": [
		{
			"from": [7.9673, 2.4, 7.35029],
			"to": [12.9673, 5.9, 8.35029],
			"rotation": {"x": 0, "y": -7.5, "z": 0, "origin": [10.4673, 4.15, 7.60029]},
			"faces": {
				"north": {"uv": [1, 1, 6, 4], "texture": "#1"},
				"east": {"uv": [0, 1, 1, 4], "texture": "#1"},
				"south": {"uv": [7, 1, 12, 4], "texture": "#1"},
				"west": {"uv": [6, 1, 7, 4], "texture": "#1"},
				"up": {"uv": [6, 1, 1, 0], "texture": "#1"},
				"down": {"uv": [11, 0, 6, 1], "texture": "#1"}
			}
		},
		{
			"from": [3.12414, 2.4, 7.31977],
			"to": [8.12414, 5.9, 8.31977],
			"rotation": {"angle": 7.5, "axis": "y", "origin": [5.62414, 4.15, 7.56977]},
			"faces": {
				"north": {"uv": [1, 1, 6, 4], "rotation": 180, "texture": "#1"},
				"east": {"uv": [0, 1, 1, 4], "texture": "#1"},
				"south": {"uv": [7, 1, 12, 4], "texture": "#1"},
				"west": {"uv": [6, 1, 7, 4], "texture": "#1"},
				"up": {"uv": [6, 1, 1, 0], "texture": "#1"},
				"down": {"uv": [11, 0, 6, 1], "texture": "#1"}
			}
		}
	],
	"display": {
		"head": {
			"translation": [0, 5.25, -7],
			"scale": [1.5, 1.5, 1.5]
		}
	}
}